match_id;player_idss;teamss;opponent;player;positionss;shirt_number;totalPassss;accuratePassss;totalLongBalls;accurateLongBalls;goalAssistss;accurateOwnHalfPasses;totalOwnHalfPasses;accurateOppositionHalfPasses;totalOppositionHalfPasses;ballRecovery;savedShotsFromInsideTheBox;penaltyFaced;savesss;totalKeeperSweeper;accurateKeeperSweeper;minutesPlayed;touches;rating;possessionLostCtrl;expectedAssists;totalBallCarriesDistance;ballCarriesCount;totalProgression;keeperSaveValue;totalShots;goalsPrevented;passValueNormalized;dribbleValueNormalized;defensiveValueNormalized;goalkeeperValueNormalized;totalCross;aerialLost;aerialWon;duelLost;duelWon;totalContest;shotOffTargetss;totalClearancess;outfielderBlock;interceptionWon;wasFouledss;foulsss;totalOffsidess;expectedGoals;bestBallCarryProgression;totalProgressiveBallCarriesDistance;progressiveBallCarriesCount;shotValueNormalized;challengeLost;totalTackless;wonTackless;unsuccessfulTouch;dispossessed;onTargetScoringAttempt;penaltyConceded;expectedGoalsOnTarget;keyPass;wonContest;accurateCross;bigChanceCreated;bigChanceMissed;goodHighClaim;blockedScoringAttempt;goalsss;penaltyWon;errorLeadToAShot;lastManTackle;hitWoodwork;errorLeadToAGoal;punches;ownGoals;penaltySave;penaltyMiss;league;season;match;match_slug;teamsw;player_idsw;name;short_name;match_name;positionsw;pos_side;formation_place;accuratePasssw;gameStarted;goalKicks;goalsConceded;lostCorners;minsPlayed;savessw;totalPasssw;totalThrows;formationPlace;foulssw;totalClearancesw;totalSubOff;totalTacklesw;yellowCard;totalOffsidesw;wonTacklesw;ontargetScoringAtt;totalScoringAtt;blockedScoringAtt;wonCorners;cornerTaken;shotOffTargetsw;wasFouledsw;totalSubOn;cleanSheet;goalAssistsw;goalssw;Venue
14083263;69768;Atlético de Madrid;Real Betis;Jan Oblak;G;13;14.0;14.0;0.0;0.0;0.0;14.0;14.0;0.0;0.0;11.0;2.0;0.0;3.0;1.0;1.0;90.0;25.0;7.0;0.0;6.694e-05;15.670800745695;3.0;9.0399605965132;0.7969;0;-0.3652;0.01;0.02;-0.06;0.43;0.0;0.0;0.0;0.0;0.0;0.0;0.0;0.0;0.0;0.0;0.0;0.0;0.0;0.0;0.0;0.0;0.0;0.0;0.0;0.0;0.0;0.0;0.0;0.0;0.0;0.0;0.0;0.0;0.0;0.0;0.0;0.0;0.0;0.0;0.0;0.0;0.0;0.0;0.0;0.0;0.0;0.0;0.0;73;2526;2d48hhckok4yi8bluy55trf2s;atm-bet;Atlético de Madrid;2yt9oajv9dkbju8tgy1g2nmqd;Jan Oblak;Jan Oblak;J. Oblak;Goalkeeper;Centre;1;14;1;5;1;2;90;3;14;1;1;0;0;0;0;0;0;0;0;0;0;0;0;0;0;0;0;0;0;Home
14083263;353138;Atlético de Madrid;Real Betis;Marcos Llorente;D;14;61.0;54.0;4.0;4.0;0.0;24.0;25.0;30.0;36.0;8.0;0.0;0.0;0.0;0.0;0.0;90.0;74.0;6.4;10.0;0.03098;120.31164275377;16.0;65.235346413257;0.0;1;0.0;0.1;0.18;-0.33;0.0;1.0;1.0;1.0;6.0;2.0;1.0;0.0;0.0;0.0;0.0;0.0;1.0;0.0;0.0322;13.93815650455;14.073645192344;1.0;-0.05;3.0;0.0;0.0;0.0;1.0;0.0;0.0;0.0;0.0;1.0;0.0;0.0;0.0;0.0;1.0;0.0;0.0;0.0;0.0;0.0;0.0;0.0;0.0;0.0;0.0;73;2526;2d48hhckok4yi8bluy55trf2s;atm-bet;Atlético de Madrid;amxunh6enoc99r07cp7qt621h;Marcos Llorente Moreno;Marcos Llorente;Marcos Llorente;Defender;Right;2;54;1;0;1;0;90;0;61;5;2;1;0;0;0;0;0;0;0;1;1;1;0;0;0;0;0;0;0;Home
14083263;325355;Atlético de Madrid;Real Betis;José María Giménez;D;2;101.0;93.0;4.0;2.0;0.0;41.0;43.0;52.0;58.0;6.0;0.0;0.0;0.0;0.0;0.0;90.0;114.0;6.9;9.0;0.0259602;232.40603121221;33.0;139.407130438;0.0;2;0.0;0.27;0.19;-0.03;0.0;0.0;4.0;5.0;6.0;6.0;0.0;0.0;4.0;1.0;1.0;0.0;2.0;0.0;0.2643;0.0;0.0;0.0;-0.54;0.0;1.0;0.0;1.0;0.0;2.0;0.0;0.5016;0.0;0.0;0.0;0.0;0.0;0.0;0.0;0.0;0.0;0.0;0.0;0.0;0.0;0.0;0.0;0.0;0.0;73;2526;2d48hhckok4yi8bluy55trf2s;atm-bet;Atlético de Madrid;548jzfl9higq44w9bgqvcjh05;José María Giménez de Vargas;José María Giménez;J. Giménez;Defender;Centre/Right;5;93;1;0;1;1;90;0;101;1;5;2;4;0;1;1;0;0;2;2;0;0;0;0;0;0;0;0;0;Home
14083263;807771;Atlético de Madrid;Real Betis;Dávid Hancko;D;17;85.0;78.0;3.0;1.0;0.0;32.0;32.0;46.0;53.0;7.0;0.0;0.0;0.0;0.0;0.0;90.0;96.0;6.9;11.0;0.0273874;216.63481229383;29.0;163.95754745923;0.0;0;0.0;0.06;0.36;-0.18;0.0;1.0;0.0;1.0;2.0;4.0;1.0;0.0;1.0;0.0;0.0;0.0;0.0;1.0;0.0;17.349014104169;37.894614587291;2.0;0.0;1.0;2.0;1.0;1.0;1.0;0.0;0.0;0.0;0.0;1.0;0.0;0.0;0.0;0.0;0.0;0.0;0.0;0.0;0.0;0.0;0.0;0.0;0.0;0.0;0.0;73;2526;2d48hhckok4yi8bluy55trf2s;atm-bet;Atlético de Madrid;1vyh50nfaq2kq5pmivpkc1psl;Dávid Hancko;Dávid Hancko;D. Hancko;Defender;Left/Centre;6;78;1;0;1;0;90;0;85;2;6;0;1;0;2;0;1;1;0;0;0;0;0;0;0;0;0;0;0;Home
14083263;965011;Atlético de Madrid;Real Betis;Matteo Ruggeri;D;3;35.0;32.0;1.0;1.0;0.0;5.0;5.0;27.0;30.0;1.0;0.0;0.0;0.0;0.0;0.0;45.0;43.0;6.4;6.0;0.0346126;45.944916246654;8.0;12.913515520567;0.0;0;0.0;0.25;-0.03;-0.18;0.0;2.0;1.0;0.0;2.0;1.0;0.0;0.0;1.0;0.0;1.0;0.0;1.0;0.0;0.0;0.0;0.0;0.0;0.0;0.0;1.0;0.0;0.0;0.0;0.0;0.0;0.0;0.0;0.0;0.0;0.0;0.0;0.0;0.0;0.0;0.0;0.0;0.0;0.0;0.0;0.0;0.0;0.0;0.0;73;2526;2d48hhckok4yi8bluy55trf2s;atm-bet;Atlético de Madrid;7mvqysbmyf6uj3jny3qpqw2ga;Matteo Ruggeri;Matteo Ruggeri;M. Ruggeri;Defender;Left;3;32;1;0;1;0;45;0;35;0;3;1;1;1;1;1;0;0;0;0;0;0;0;0;0;0;0;0;0;Home
14083263;1099352;Atlético de Madrid;Real Betis;Giuliano Simeone;M;20;37.0;27.0;0.0;0.0;0.0;3.0;3.0;24.0;34.0;2.0;0.0;0.0;0.0;0.0;0.0;90.0;54.0;6.1;20.0;0.0454475;129.84872941336;19.0;98.156382932354;0.0;0;0.0;-0.37;0.06;-0.12;0.0;4.0;0.0;0.0;5.0;3.0;4.0;0.0;0.0;0.0;0.0;2.0;1.0;0.0;0.0;12.957625309692;15.619469389195;1.0;0.0;1.0;0.0;0.0;1.0;0.0;0.0;0.0;0.0;1.0;1.0;0.0;0.0;0.0;0.0;0.0;0.0;0.0;0.0;0.0;0.0;0.0;0.0;0.0;0.0;0.0;73;2526;2d48hhckok4yi8bluy55trf2s;atm-bet;Atlético de Madrid;5es43b4a7fv0lkmp63dj439ey;Giuliano Simeone Baldini;Giuliano Simeone;G. Simeone;Midfielder;Right;7;27;1;0;1;0;90;0;37;1;7;1;0;0;0;0;0;0;0;0;0;3;0;0;2;0;0;0;0;Home
14083263;1391752;Atlético de Madrid;Real Betis;Rodrigo Mendoza;M;4;43.0;38.0;0.0;0.0;0.0;14.0;15.0;24.0;28.0;2.0;0.0;0.0;0.0;0.0;0.0;55.0;46.0;6.3;7.0;0.0194516;95.184215416447;9.0;63.984921958446;0.0;1;0.0;-0.05;0.12;-0.16;0.0;0.0;0.0;1.0;2.0;1.0;1.0;1.0;0.0;0.0;0.0;0.0;1.0;0.0;0.0079;8.4770699382727;8.6296827867541;1.0;-0.05;0.0;0.0;0.0;0.0;0.0;0.0;0.0;0.0;0.0;0.0;0.0;0.0;0.0;0.0;0.0;0.0;0.0;1.0;0.0;0.0;0.0;0.0;0.0;0.0;0.0;73;2526;2d48hhckok4yi8bluy55trf2s;atm-bet;Atlético de Madrid;1filh68q6hdk921qkdo7rsvmc;Rodrigo Mendoza Martinez Moya;Rodrigo Mendoza;Rodrigo Mendoza;Midfielder;Centre/Right;4;38;1;0;1;0;55;0;43;0;4;1;0;1;0;0;0;0;0;1;0;0;0;1;0;0;0;0;0;Home
14083263;84539;Atlético de Madrid;Real Betis;Koke;M;6;132.0;121.0;5.0;2.0;0.0;39.0;40.0;82.0;92.0;7.0;0.0;0.0;0.0;0.0;0.0;90.0;148.0;7.7;16.0;0.518921;491.6697206312;49.0;314.43759353873;0.0;0;0.0;0.69;0.34;0.16;0.0;6.0;0.0;0.0;3.0;2.0;1.0;0.0;3.0;0.0;2.0;0.0;2.0;0.0;0.0;38.826651978372;82.526379766012;3.0;0.0;0.0;1.0;1.0;0.0;1.0;0.0;0.0;0.0;2.0;1.0;2.0;0.0;0.0;0.0;0.0;0.0;0.0;0.0;0.0;0.0;0.0;0.0;0.0;0.0;0.0;73;2526;2d48hhckok4yi8bluy55trf2s;atm-bet;Atlético de Madrid;b9kfek16otvdorssn0wzkb36d;Jorge Resurrección Merodio;Jorge Resurrección Merodio;Koke;Midfielder;Left/Centre;8;121;1;0;1;0;90;0;132;0;8;2;3;0;1;0;0;1;0;0;0;0;4;0;0;0;0;0;0;Home
14083263;944660;Atlético de Madrid;Real Betis;Thiago Almada;M;11;29.0;26.0;1.0;1.0;0.0;5.0;5.0;21.0;24.0;2.0;0.0;0.0;0.0;0.0;0.0;45.0;33.0;6.8;3.0;0.0368901;102.17024853886;13.0;42.790382137927;0.0;0;0.0;0.0;0.19;-0.05;0.0;0.0;0.0;0.0;0.0;2.0;0.0;0.0;0.0;0.0;0.0;0.0;0.0;0.0;0.0;14.83643923116;28.497084359518;2.0;0.0;0.0;2.0;2.0;0.0;0.0;0.0;0.0;0.0;0.0;0.0;0.0;0.0;0.0;0.0;0.0;0.0;0.0;0.0;0.0;0.0;0.0;0.0;0.0;0.0;0.0;73;2526;2d48hhckok4yi8bluy55trf2s;atm-bet;Atlético de Madrid;4ea0sjczqa5ah1w720zlakkfe;Thiago Ezequiel Almada;Thiago Almada;T. Almada;Midfielder;Left;11;26;1;0;1;0;45;0;29;0;11;0;0;1;2;0;0;2;0;0;0;0;0;0;0;0;0;0;0;Home
14083263;944656;Atlético de Madrid;Real Betis;Julián Alvarez;F;19;13.0;10.0;0.0;0.0;0.0;4.0;4.0;6.0;9.0;3.0;0.0;0.0;0.0;0.0;0.0;45.0;17.0;6.5;3.0;0.0193962;18.970853005597;4.0;-4.1924031402258;0.0;1;0.0;0.0;0.07;-0.04;0.0;0.0;0.0;0.0;1.0;1.0;1.0;0.0;0.0;0.0;0.0;0.0;0.0;0.0;0.0576;0.0;0.0;0.0;-0.33;1.0;0.0;0.0;0.0;0.0;1.0;0.0;0.3447;1.0;1.0;0.0;0.0;0.0;0.0;0.0;0.0;0.0;0.0;0.0;0.0;0.0;0.0;0.0;0.0;0.0;73;2526;2d48hhckok4yi8bluy55trf2s;atm-bet;Atlético de Madrid;9ikkuxd19avliz1khcrm82gyy;Julián Alvarez;Julián Alvarez;J. Alvarez;Striker;Centre/Right;10;10;1;0;1;0;45;0;13;0;10;0;0;1;0;0;0;0;1;1;0;1;0;0;0;0;0;0;0;Home
14083263;824200;Atlético de Madrid;Real Betis;Ademola Lookman;F;22;22.0;20.0;0.0;0.0;0.0;1.0;1.0;19.0;21.0;3.0;0.0;0.0;0.0;0.0;0.0;70.0;33.0;6.3;8.0;0.0599433;80.384286998322;12.0;25.939684019257;0.0;2;0.0;0.08;-0.43;-0.01;0.0;1.0;0.0;0.0;4.0;1.0;2.0;2.0;0.0;0.0;0.0;0.0;1.0;2.0;0.0546;0.0;0.0;0.0;-0.41;0.0;0.0;0.0;0.0;2.0;0.0;0.0;0.0;1.0;1.0;0.0;0.0;0.0;0.0;0.0;0.0;0.0;0.0;0.0;0.0;0.0;0.0;0.0;0.0;0.0;73;2526;2d48hhckok4yi8bluy55trf2s;atm-bet;Atlético de Madrid;8d04q3yp2kouwog0lj0s7ew2x;Ademola Olajade Alade Aylola Lookman;Ademola Lookman;A. Lookman;Striker;Left/Centre;9;20;1;0;1;0;70;0;22;1;9;1;0;1;0;1;2;0;0;2;0;1;0;2;0;0;0;0;0;Home
14083263;787751;Atlético de Madrid;Real Betis;Robin Le Normand;D;24;53.0;49.0;3.0;1.0;0.0;26.0;27.0;23.0;26.0;3.0;0.0;0.0;0.0;0.0;0.0;45.0;56.0;7.1;5.0;0.0120643;144.2280892337;21.0;96.269399127081;0.0;0;0.0;0.08;0.16;0.17;0.0;0.0;0.0;3.0;0.0;3.0;0.0;0.0;1.0;0.0;1.0;0.0;0.0;1.0;0.0;13.616788444428;21.174118541276;1.0;0.0;0.0;0.0;0.0;1.0;0.0;0.0;0.0;0.0;0.0;0.0;0.0;0.0;0.0;0.0;0.0;0.0;0.0;0.0;0.0;0.0;0.0;0.0;0.0;0.0;0.0;73;2526;2d48hhckok4yi8bluy55trf2s;atm-bet;Atlético de Madrid;6xulax65kp4aid70nk7g5jr2t;Robin Aimé Robert Le Normand Mainfray;Robin Le Normand;Robin Le Normand;Substitute;Defender;0;49;0;0;0;0;45;0;53;0;0;0;1;0;0;0;1;0;0;0;0;0;0;0;0;1;0;0;0;Home
14083263;910031;Atlético de Madrid;Real Betis;Alejandro Baena;M;10;24.0;19.0;2.0;0.0;0.0;3.0;3.0;16.0;21.0;0.0;0.0;0.0;0.0;0.0;0.0;45.0;42.0;6.5;15.0;0.0941624;217.596683815;23.0;135.60675524271;0.0;0;0.0;0.19;0.21;-0.02;0.0;5.0;0.0;0.0;5.0;2.0;3.0;0.0;0.0;0.0;1.0;1.0;3.0;0.0;0.0;29.967775523432;39.965589435755;2.0;0.0;0.0;0.0;0.0;2.0;1.0;0.0;0.0;0.0;1.0;1.0;2.0;0.0;0.0;0.0;0.0;0.0;0.0;0.0;0.0;0.0;0.0;0.0;0.0;0.0;0.0;73;2526;2d48hhckok4yi8bluy55trf2s;atm-bet;Atlético de Madrid;5zoz3mjooujpv0wdcphyrztd6;Alejandro Baena Rodríguez;Álex Baena;Álex Baena;Substitute;Midfielder;0;19;0;0;0;0;45;0;24;1;0;3;0;0;0;1;0;0;0;0;0;0;1;0;1;1;0;0;0;Home
14083263;309078;Atlético de Madrid;Real Betis;Alexander Sørloth;F;9;2.0;2.0;0.0;0.0;0.0;1.0;1.0;1.0;1.0;0.0;0.0;0.0;0.0;0.0;0.0;45.0;5.0;6.6;1.0;0.00047781;7.5990673769878;1.0;-5.2180172544802;0.0;2;0.0;-0.03;-0.21;0.0;0.0;1.0;1.0;2.0;1.0;2.0;0.0;0.0;0.0;0.0;0.0;0.0;0.0;0.0;0.2021;0.0;0.0;0.0;0.02;0.0;0.0;0.0;0.0;0.0;2.0;0.0;0.4639;0.0;0.0;0.0;0.0;1.0;0.0;0.0;0.0;0.0;0.0;0.0;1.0;0.0;0.0;0.0;0.0;0.0;73;2526;2d48hhckok4yi8bluy55trf2s;atm-bet;Atlético de Madrid;6akzpi6rd6qq0ke07ojnhpoet;Alexander Sørloth;Alexander Sørloth;A. Sørloth;Substitute;Attacker;0;2;0;0;0;0;45;0;2;0;0;0;0;0;0;0;0;0;2;2;0;1;0;0;0;1;0;0;0;Home
14083263;85859;Atlético de Madrid;Real Betis;Antoine Griezmann;F;7;13.0;10.0;2.0;2.0;0.0;1.0;2.0;9.0;11.0;1.0;0.0;0.0;0.0;0.0;0.0;35.0;23.0;6.8;6.0;0.204497;23.927446345669;4.0;6.3452811800469;0.0;1;0.0;0.29;-0.49;-0.01;0.0;3.0;0.0;1.0;1.0;1.0;1.0;1.0;0.0;0.0;0.0;0.0;0.0;2.0;0.0554;0.0;0.0;0.0;-0.09;0.0;0.0;0.0;0.0;0.0;0.0;0.0;0.0;2.0;0.0;2.0;1.0;0.0;0.0;0.0;0.0;0.0;0.0;0.0;0.0;0.0;0.0;0.0;0.0;0.0;73;2526;2d48hhckok4yi8bluy55trf2s;atm-bet;Atlético de Madrid;716n1970vi9rvw5b4w9qmjfth;Antoine Griezmann;Antoine Griezmann;A. Griezmann;Substitute;Attacker;0;10;0;0;0;0;35;0;13;2;0;0;0;0;0;0;2;0;0;1;0;0;2;1;0;1;0;0;0;Home
14083263;1119345;Atlético de Madrid;Real Betis;Obed Vargas;M;21;14.0;12.0;3.0;1.0;0.0;3.0;3.0;9.0;11.0;0.0;0.0;0.0;0.0;0.0;0.0;20.0;16.0;6.6;3.0;0.0130655;48.920767277535;6.0;40.726663866016;0.0;0;0.0;0.02;0.07;0.0;0.0;0.0;0.0;0.0;1.0;0.0;1.0;0.0;0.0;0.0;0.0;0.0;0.0;0.0;0.0;0.0;0.0;0.0;0.0;0.0;0.0;0.0;0.0;0.0;0.0;0.0;0.0;0.0;0.0;0.0;0.0;0.0;0.0;0.0;0.0;0.0;0.0;0.0;0.0;0.0;0.0;0.0;0.0;0.0;73;2526;2d48hhckok4yi8bluy55trf2s;atm-bet;Atlético de Madrid;q00t04zyy8idanvhpee3ubu2;Obed Gómez Vargas;Obed Vargas;O. Vargas;Substitute;Midfielder;0;12;0;0;0;0;20;0;14;1;0;0;0;0;0;0;0;0;0;0;0;0;0;0;0;1;0;0;0;Home
14083263;964983;Real Betis;Atlético de Madrid;Álvaro Valles;G;1;43.0;23.0;33.0;13.0;0.0;18.0;19.0;5.0;24.0;10.0;5.0;0.0;5.0;0.0;0.0;90.0;57.0;8.3;21.0;0.00120009;56.745111116874;10.0;24.867600531511;0.6748;0;1.3102;0.2;0.02;0.3;0.52;0.0;0.0;0.0;0.0;0.0;0.0;0.0;0.0;0.0;0.0;0.0;0.0;0.0;0.0;0.0;0.0;0.0;0.0;0.0;0.0;0.0;0.0;0.0;0.0;0.0;0.0;0.0;0.0;0.0;0.0;0.0;1.0;0.0;0.0;0.0;0.0;0.0;0.0;0.0;0.0;0.0;0.0;0.0;73;2526;2d48hhckok4yi8bluy55trf2s;atm-bet;Real Betis;routhh0ialijcg3egagouig9;Álvaro Valles Rosa;Álvaro Valles;Álvaro Valles;Goalkeeper;Centre;1;23;1;4;0;2;90;5;43;0;1;0;0;0;0;0;0;0;0;0;0;0;0;0;0;0;1;0;0;Away
14083263;893062;Real Betis;Atlético de Madrid;Aitor Ruibal;D;24;43.0;31.0;11.0;6.0;0.0;19.0;26.0;12.0;17.0;6.0;0.0;0.0;0.0;0.0;0.0;90.0;61.0;7.1;15.0;0.00438057;83.077279816043;11.0;59.067439406602;0.0;0;0.0;0.11;0.06;0.15;0.0;0.0;0.0;0.0;2.0;3.0;0.0;0.0;2.0;0.0;3.0;0.0;0.0;0.0;0.0;0.0;0.0;0.0;0.0;2.0;3.0;2.0;3.0;0.0;0.0;0.0;0.0;1.0;0.0;0.0;0.0;0.0;0.0;0.0;0.0;0.0;0.0;0.0;0.0;0.0;0.0;0.0;0.0;0.0;73;2526;2d48hhckok4yi8bluy55trf2s;atm-bet;Real Betis;9226xt1t1m3fy4ob9l2r16609;Aitor Ruibal García;Aitor Ruibal;Aitor Ruibal;Defender;Right;2;31;1;0;0;0;90;0;43;4;2;0;2;0;3;0;0;2;0;0;0;0;0;0;0;0;1;0;0;Away
14083263;305278;Real Betis;Atlético de Madrid;Diego Llorente;D;3;34.0;33.0;4.0;3.0;0.0;26.0;26.0;7.0;8.0;1.0;0.0;0.0;0.0;0.0;0.0;90.0;54.0;7.6;1.0;0.00159639;54.051830814061;9.0;9.4405999269382;0.0;0;0.0;0.1;0.12;0.71;0.0;0.0;3.0;2.0;3.0;4.0;0.0;0.0;14.0;0.0;0.0;1.0;0.0;0.0;0.0;0.0;0.0;0.0;0.0;0.0;1.0;0.0;0.0;0.0;0.0;0.0;0.0;0.0;0.0;0.0;0.0;0.0;0.0;0.0;0.0;0.0;0.0;0.0;0.0;0.0;0.0;0.0;0.0;0.0;73;2526;2d48hhckok4yi8bluy55trf2s;atm-bet;Real Betis;9ao7l82r1xd2rjnvv5u6plcr9;Diego Javier Llorente Ríos;Diego Llorente;Diego Llorente;Defender;Centre/Right;5;33;1;4;0;1;90;0;34;0;5;0;14;0;1;0;0;0;0;0;0;0;0;0;1;0;1;0;0;Away
14083263;1015287;Real Betis;Atlético de Madrid;Natan;D;4;27.0;26.0;1.0;0.0;0.0;25.0;25.0;1.0;2.0;0.0;0.0;0.0;0.0;0.0;0.0;90.0;36.0;6.9;1.0;0.00019808;88.643905735889;11.0;26.039145442907;0.0;0;0.0;0.0;0.02;0.3;0.0;0.0;3.0;0.0;3.0;2.0;0.0;0.0;5.0;0.0;2.0;0.0;0.0;0.0;0.0;0.0;0.0;0.0;0.0;0.0;2.0;1.0;0.0;0.0;0.0;0.0;0.0;0.0;0.0;0.0;0.0;0.0;0.0;0.0;0.0;0.0;0.0;0.0;0.0;0.0;0.0;0.0;0.0;0.0;73;2526;2d48hhckok4yi8bluy55trf2s;atm-bet;Real Betis;2r4450bqkmpcf1ogmcfhvczmy;Natan Bernardo de Souza;Natan Bernardo de Souza;Natan;Defender;Left/Centre;6;26;1;5;0;1;90;0;27;0;6;0;5;0;2;0;0;1;0;0;0;0;0;0;0;0;1;0;0;Away
14083263;67769;Real Betis;Atlético de Madrid;Ricardo Rodríguez;D;12;23.0;21.0;3.0;2.0;0.0;12.0;13.0;9.0;10.0;0.0;0.0;0.0;0.0;0.0;0.0;90.0;36.0;6.9;2.0;0.00632067;53.513796480773;9.0;-5.2399057277637;0.0;0;0.0;0.05;-0.05;0.18;0.0;0.0;0.0;0.0;0.0;1.0;0.0;0.0;5.0;0.0;0.0;0.0;0.0;0.0;0.0;0.0;0.0;0.0;0.0;0.0;1.0;0.0;0.0;0.0;0.0;0.0;0.0;0.0;0.0;0.0;0.0;0.0;0.0;0.0;0.0;0.0;0.0;0.0;0.0;0.0;0.0;0.0;0.0;0.0;73;2526;2d48hhckok4yi8bluy55trf2s;atm-bet;Real Betis;9ak3zczupeken1itsmkherbh1;Ricardo Iván Rodríguez Araya;Ricardo Rodríguez;R. Rodríguez;Defender;Left;3;21;1;0;0;0;90;0;23;6;3;0;5;0;1;0;0;0;0;0;0;0;0;0;0;0;1;0;0;Away
14083263;816763;Real Betis;Atlético de Madrid;Pablo Fornals;M;8;38.0;31.0;2.0;1.0;0.0;12.0;15.0;19.0;23.0;3.0;0.0;0.0;0.0;0.0;0.0;70.0;51.0;6.7;13.0;0.0183613;63.617236916034;11.0;22.711331935192;0.0;0;0.0;0.02;0.09;-0.04;0.0;3.0;0.0;1.0;2.0;2.0;1.0;0.0;0.0;0.0;2.0;0.0;0.0;0.0;0.0;11.808316672712;11.809332284257;1.0;0.0;1.0;0.0;0.0;2.0;1.0;0.0;0.0;0.0;1.0;1.0;0.0;0.0;0.0;0.0;0.0;0.0;0.0;0.0;0.0;0.0;0.0;0.0;0.0;0.0;0.0;73;2526;2d48hhckok4yi8bluy55trf2s;atm-bet;Real Betis;6aix9yu384pv1caanqiol231l;Pablo Fornals Malla;Pablo Fornals;Pablo Fornals;Midfielder;Centre/Right;7;31;1;0;0;0;70;0;38;0;7;0;0;1;0;0;0;0;0;0;0;0;2;0;0;0;0;0;0;Away
14083263;847128;Real Betis;Atlético de Madrid;Marc Roca;M;21;39.0;37.0;1.0;1.0;0.0;22.0;22.0;15.0;17.0;4.0;0.0;0.0;0.0;0.0;0.0;90.0;50.0;7.3;4.0;0.00834458;154.46143551314;24.0;15.775400112517;0.0;0;0.0;0.06;0.12;0.34;0.0;0.0;0.0;0.0;2.0;5.0;1.0;0.0;3.0;1.0;0.0;2.0;1.0;0.0;0.0;0.0;0.0;0.0;0.0;0.0;2.0;2.0;1.0;1.0;0.0;0.0;0.0;0.0;1.0;0.0;0.0;0.0;0.0;0.0;0.0;0.0;0.0;0.0;0.0;0.0;0.0;0.0;0.0;0.0;73;2526;2d48hhckok4yi8bluy55trf2s;atm-bet;Real Betis;4r6jcuotjs6rz8iwu20996z85;Marc Roca Junqué;Marc Roca;Marc Roca;Midfielder;Centre;4;37;1;0;0;0;90;0;39;0;4;1;3;0;2;0;0;2;0;0;0;0;0;0;2;0;1;0;0;Away
14083263;838629;Real Betis;Atlético de Madrid;Álvaro Fidalgo;M;15;37.0;35.0;0.0;0.0;0.0;15.0;15.0;20.0;22.0;1.0;0.0;0.0;0.0;0.0;0.0;87.0;49.0;6.6;8.0;0.0114544;147.36710651638;18.0;54.203973133114;0.0;1;0.0;-0.01;0.08;-0.07;0.0;1.0;0.0;1.0;4.0;3.0;2.0;1.0;2.0;0.0;0.0;1.0;0.0;0.0;0.0364;31.429962739761;32.70052637191;1.0;-0.09;2.0;0.0;0.0;3.0;1.0;0.0;0.0;0.0;0.0;1.0;0.0;0.0;0.0;0.0;0.0;0.0;0.0;0.0;0.0;0.0;0.0;0.0;0.0;0.0;0.0;73;2526;2d48hhckok4yi8bluy55trf2s;atm-bet;Real Betis;733ho2s9aqwwxzbqfiia3b7bp;Álvaro Fidalgo Fernández;Álvaro Fidalgo;Álvaro Fidalgo;Midfielder;Left/Centre;8;35;1;0;0;0;87;0;37;0;8;0;2;1;0;0;0;0;0;1;0;0;0;1;1;0;0;0;0;Away
14083263;958380;Real Betis;Atlético de Madrid;Antony;F;7;33.0;25.0;1.0;0.0;0.0;12.0;16.0;13.0;17.0;6.0;0.0;0.0;0.0;0.0;0.0;87.0;49.0;7.6;13.0;0.0398575;160.80969211712;16.0;42.667636378722;0.0;1;0.0;-0.12;0.26;0.18;0.0;1.0;1.0;0.0;5.0;3.0;2.0;0.0;1.0;0.0;2.0;1.0;0.0;0.0;0.0202;41.603663943705;41.846180040716;1.0;0.55;1.0;2.0;0.0;1.0;1.0;1.0;0.0;0.0392;1.0;0.0;0.0;0.0;0.0;0.0;0.0;1.0;0.0;0.0;0.0;0.0;0.0;0.0;0.0;0.0;0.0;73;2526;2d48hhckok4yi8bluy55trf2s;atm-bet;Real Betis;v22q59d00b5v78rgx7v8z3vu;Antony Matheus dos Santos;Antony Matheus dos Santos;Antony;Striker;Centre/Right;10;25;1;0;0;2;87;0;33;2;10;0;1;1;2;0;0;0;1;1;0;1;1;0;1;0;0;0;1;Away
14083263;115665;Real Betis;Atlético de Madrid;Cédric Bakambu;F;11;10.0;6.0;1.0;0.0;0.0;1.0;1.0;5.0;9.0;1.0;0.0;0.0;0.0;0.0;0.0;79.0;26.0;7.0;9.0;0.00321039;32.752192318723;6.0;12.255218367412;0.0;3;0.0;-0.04;0.34;0.16;0.0;0.0;3.0;2.0;3.0;6.0;0.0;0.0;1.0;0.0;0.0;2.0;0.0;1.0;0.2991;0.0;0.0;0.0;0.08;0.0;2.0;2.0;5.0;0.0;2.0;0.0;0.3065;0.0;0.0;0.0;0.0;1.0;0.0;1.0;0.0;0.0;0.0;0.0;0.0;0.0;0.0;0.0;0.0;0.0;73;2526;2d48hhckok4yi8bluy55trf2s;atm-bet;Real Betis;a68fosxpgtyxj64ex9f6nget;Cédric Bakambu;Cédric Bakambu;C. Bakambu;Striker;Centre;9;6;1;0;0;0;79;0;10;0;9;0;1;1;2;0;1;2;2;3;1;2;0;0;2;0;0;0;0;Away
14083263;1011375;Real Betis;Atlético de Madrid;Abdessamad Ezzalzouli;F;10;35.0;29.0;0.0;0.0;1.0;9.0;12.0;20.0;23.0;6.0;0.0;0.0;0.0;0.0;0.0;90.0;56.0;7.0;13.0;0.0286834;190.11125439183;16.0;118.02992598098;0.0;2;0.0;0.16;0.15;-0.13;0.0;1.0;1.0;1.0;4.0;6.0;3.0;2.0;1.0;0.0;3.0;1.0;2.0;0.0;0.0618;34.697882226263;86.555900363427;3.0;-0.04;1.0;1.0;0.0;6.0;0.0;0.0;0.0;0.0;2.0;3.0;0.0;1.0;0.0;0.0;0.0;0.0;0.0;0.0;0.0;0.0;0.0;0.0;0.0;0.0;0.0;73;2526;2d48hhckok4yi8bluy55trf2s;atm-bet;Real Betis;96cbv23es0gucmd2v0qvk3iwa;Abdessamad Ezzalzouli;Abde Ezzalzouli;A. Ezzalzouli;Striker;Left/Centre;11;29;1;0;0;1;90;0;35;0;11;2;1;0;1;1;0;0;0;2;0;0;0;2;1;0;1;1;0;Away
14083263;1137814;Real Betis;Atlético de Madrid;Sergi Altimira;M;6;5.0;5.0;0.0;0.0;0.0;2.0;2.0;3.0;3.0;1.0;0.0;0.0;0.0;0.0;0.0;20.0;7.0;6.7;0.0;0.00083829;7.605605564319;1.0;-4.2121418482633;0.0;0;0.0;0.02;-0.03;0.16;0.0;0.0;0.0;0.0;0.0;1.0;0.0;0.0;1.0;0.0;0.0;1.0;0.0;0.0;0.0;0.0;0.0;0.0;0.0;0.0;0.0;0.0;0.0;0.0;0.0;0.0;0.0;0.0;0.0;0.0;0.0;0.0;0.0;0.0;0.0;0.0;0.0;0.0;0.0;0.0;0.0;0.0;0.0;0.0;73;2526;2d48hhckok4yi8bluy55trf2s;atm-bet;Real Betis;5o07mnpidavbe0hqoqzwgom50;Sergi Altimira Clavell;Sergi Altimira;Sergi Altimira;Substitute;Midfielder;0;5;0;0;0;0;20;0;5;0;0;0;1;0;0;0;0;0;0;0;0;0;0;0;1;1;0;0;0;Away
14083263;1129401;Real Betis;Atlético de Madrid;Nelson Deossa;M;18;3.0;2.0;0.0;0.0;0.0;1.0;1.0;1.0;2.0;0.0;0.0;0.0;0.0;0.0;0.0;11.0;6.0;6.6;2.0;0.00111568;4.8073647666887;1.0;2.1530845604621;0.0;0;0.0;0.08;0.03;0.14;0.0;0.0;3.0;0.0;3.0;2.0;0.0;0.0;0.0;0.0;0.0;2.0;0.0;0.0;0.0;0.0;0.0;0.0;0.0;0.0;0.0;0.0;0.0;0.0;0.0;0.0;0.0;1.0;0.0;0.0;1.0;0.0;0.0;0.0;0.0;0.0;0.0;0.0;0.0;0.0;0.0;0.0;0.0;0.0;73;2526;2d48hhckok4yi8bluy55trf2s;atm-bet;Real Betis;72pvwj4z6j8xwsgs6zlhr5e6s;Nelson Alexander Deossa Suárez;Nelson Deossa;N. Deossa;Substitute;Midfielder;0;2;0;0;0;0;11;0;3;0;0;0;0;0;0;0;0;0;0;0;0;0;0;0;2;1;0;0;0;Away
14083263;99519;Real Betis;Atlético de Madrid;Marc Bartra;D;5;1.0;0.0;1.0;0.0;0.0;0.0;0.0;0.0;1.0;0.0;0.0;0.0;0.0;0.0;0.0;9.0;1.0;6.6;1.0;0.0;0.0;0.0;0.0;0.0;0;0.0;0.0;0.0;0.0;0.0;0.0;0.0;0.0;0.0;0.0;0.0;0.0;0.0;0.0;0.0;0.0;0.0;0.0;0.0;0.0;0.0;0.0;0.0;0.0;0.0;0.0;0.0;0.0;0.0;0.0;0.0;0.0;0.0;0.0;0.0;0.0;0.0;0.0;0.0;0.0;0.0;0.0;0.0;0.0;0.0;0.0;0.0;0.0;73;2526;2d48hhckok4yi8bluy55trf2s;atm-bet;Real Betis;evpjdko94awbqbbl5wl9hto7p;Marc Bartra Aregall;Marc Bartra;Marc Bartra;Substitute;Defender;0;0;0;0;0;0;3;0;1;0;0;0;0;0;0;0;0;0;0;0;0;0;0;0;0;1;0;0;0;Away
14083263;989113;Real Betis;Atlético de Madrid;Rodrigo Riquelme;M;17;0.0;0.0;0.0;0.0;0.0;0.0;0.0;0.0;0.0;0.0;0.0;0.0;0.0;0.0;0.0;9.0;2.0;6.7;0.0;0.0;16.132392537996;1.0;14.911569697004;0.0;1;0.0;0.0;0.22;0.14;0.0;0.0;0.0;0.0;0.0;1.0;0.0;0.0;0.0;0.0;0.0;0.0;0.0;0.0;0.2817;14.911569697004;16.132392537996;1.0;0.07;0.0;1.0;1.0;0.0;0.0;1.0;0.0;0.289;0.0;0.0;0.0;0.0;1.0;0.0;0.0;0.0;0.0;0.0;0.0;0.0;0.0;0.0;0.0;0.0;0.0;73;2526;2d48hhckok4yi8bluy55trf2s;atm-bet;Real Betis;bqmhsb2bsuuuijw2ci39l01k9;Rodrigo Riquelme Reche;Rodrigo Riquelme;Rodrigo Riquelme;Substitute;Midfielder;0;0;0;0;0;0;3;0;0;0;0;0;0;0;1;0;0;1;1;1;0;0;0;0;0;1;0;0;0;Away
